Timestamp,Count,Configuration Version,Status Version,Calibration Action
1477515881196,17255,1,5,9
1477515881197,17254,1,5,0
1477515881198,17257,1,5,0
1477515881199,17256,1,5,0
1477515881200,17253,1,5,0
1477515881201,17255,1,5,0
1477515881202,17256,1,5,0
1477515881203,17255,1,5,0
1477515881204,17255,1,5,0
1477515881205,17255,1,5,0
1477515881206,17255,1,5,0
1477515881207,17252,1,5,0
1477515881208,17248,1,5,0
1477515881209,17252,1,5,0
1477515881210,17250,1,5,0
1477515881211,17252,1,5,0
1477515881212,17252,1,5,0
1477515881213,17251,1,5,0
1477515881214,17252,1,5,0
1477515881215,17253,1,5,0
1477515881216,17250,1,5,0
1477515881217,17251,1,5,0
1477515881218,17251,1,5,0
1477515881219,17251,1,5,0
1477515881220,17248,1,5,0
1477515881221,17251,1,5,0
1477515881222,17251,1,5,0
1477515881223,17251,1,5,0
1477515881224,17251,1,5,0
1477515881225,17252,1,5,0
1477515881226,17249,1,5,0
1477515881227,17252,1,5,0
1477515881228,17249,1,5,0
1477515881229,17250,1,5,0
1477515881230,17249,1,5,0
1477515881231,17251,1,5,0
1477515881232,17249,1,5,0
1477515881233,17249,1,5,0
1477515881234,17250,1,5,0
1477515881235,17248,1,5,0
1477515881236,17247,1,5,0
1477515881237,17251,1,5,0
1477515881238,17249,1,5,0
1477515881239,17248,1,5,0
1477515881240,17251,1,5,0
1477515881241,17248,1,5,0
1477515881242,17249,1,5,0
1477515881243,17250,1,5,0
1477515881244,17246,1,5,0
1477515881245,17247,1,5,0
1477515881246,17247,1,5,0
1477515881247,17249,1,5,0
1477515881248,17247,1,5,0
1477515881249,17248,1,5,0
1477515881250,17249,1,5,0
1477515881251,17246,1,5,0
1477515881252,17248,1,5,0
1477515881253,17246,1,5,0
1477515881254,17246,1,5,0
1477515881255,17246,1,5,0
1477515881256,17247,1,5,0
1477515881257,17246,1,5,0
1477515881258,17242,1,5,0
1477515881259,17243,1,5,0
1477515881260,17241,1,5,0
1477515881261,17243,1,5,0
1477515881262,17243,1,5,0
1477515881263,17242,1,5,0
1477515881264,17243,1,5,0
1477515881265,17243,1,5,0
1477515881266,17244,1,5,0
1477515881267,17242,1,5,0
1477515881268,17241,1,5,0
1477515881269,17241,1,5,0
1477515881270,17239,1,5,0
1477515881271,17240,1,5,0
1477515881272,17240,1,5,0
1477515881273,17239,1,5,0
1477515881274,17238,1,5,0
1477515881275,17238,1,5,0
1477515881276,17236,1,5,0
1477515881277,17237,1,5,0
1477515881278,17235,1,5,0
1477515881279,17236,1,5,0
1477515881280,17235,1,5,0
1477515881281,17234,1,5,0
1477515881282,17236,1,5,0
1477515881283,17236,1,5,0
1477515881284,17237,1,5,0
1477515881285,17234,1,5,0
1477515881286,17236,1,5,0
1477515881287,17233,1,5,0
1477515881288,17233,1,5,0
1477515881289,17235,1,5,0
1477515881290,17234,1,5,0
1477515881291,17235,1,5,0
1477515881292,17235,1,5,0
1477515881293,17234,1,5,0
1477515881294,17233,1,5,0
1477515881295,17233,1,5,0
1477515881296,17204,1,5,0
1477515881297,17203,1,5,0
1477515881298,17205,1,5,0
1477515881299,17203,1,5,0
1477515881300,17203,1,5,0
1477515881301,17204,1,5,0
1477515881302,17203,1,5,0
1477515881303,17204,1,5,0
1477515881304,17202,1,5,0
1477515881305,17204,1,5,0
1477515881306,17203,1,5,0
1477515881307,17202,1,5,0
1477515881308,17202,1,5,0
1477515881309,17201,1,5,0
1477515881310,17201,1,5,0
1477515881311,17202,1,5,0
1477515881312,17201,1,5,0
1477515881313,17201,1,5,0
1477515881314,17200,1,5,0
1477515881315,17199,1,5,0
1477515881316,17198,1,5,0
1477515881317,17198,1,5,0
1477515881318,17197,1,5,0
1477515881319,17196,1,5,0
1477515881320,17198,1,5,0
1477515881321,17198,1,5,0
1477515881322,17197,1,5,0
1477515881323,17197,1,5,0
1477515881324,17194,1,5,0
1477515881325,17191,1,5,0
1477515881326,17190,1,5,0
1477515881327,17192,1,5,0
1477515881328,17194,1,5,0
1477515881329,17192,1,5,0
1477515881330,17193,1,5,0
1477515881331,17194,1,5,0
1477515881332,17192,1,5,0
1477515881333,17189,1,5,0
1477515881334,17190,1,5,0
1477515881335,17191,1,5,0
1477515881336,17192,1,5,0
1477515881337,17190,1,5,0
1477515881338,17190,1,5,0
1477515881339,17192,1,5,0
1477515881340,17193,1,5,0
1477515881341,17187,1,5,0
1477515881342,17189,1,5,0
1477515881343,17189,1,5,0
1477515881344,17191,1,5,0
1477515881345,17189,1,5,0
1477515881346,17188,1,5,0
1477515881347,17189,1,5,0
1477515881348,17190,1,5,0
1477515881349,17189,1,5,0
1477515881350,17186,1,5,0
1477515881351,17185,1,5,0
1477515881352,17187,1,5,0
1477515881353,17189,1,5,0
1477515881354,17188,1,5,0
1477515881355,17183,1,5,0
1477515881356,17185,1,5,0
1477515881357,17183,1,5,0
1477515881358,17183,1,5,0
1477515881359,17183,1,5,0
1477515881360,17186,1,5,0
1477515881361,17183,1,5,0
1477515881362,17183,1,5,0
1477515881363,17185,1,5,0
1477515881364,17184,1,5,0
1477515881365,17183,1,5,0
1477515881366,17181,1,5,0
1477515881367,17180,1,5,0
1477515881368,17181,1,5,0
1477515881369,17182,1,5,0
1477515881370,17184,1,5,0
1477515881371,17181,1,5,0
1477515881372,17180,1,5,0
1477515881373,17181,1,5,0
1477515881374,17180,1,5,0
1477515881375,17181,1,5,0
1477515881376,17177,1,5,0
1477515881377,17177,1,5,0
1477515881378,17181,1,5,0
1477515881379,17182,1,5,0
1477515881380,17181,1,5,0
1477515881381,17180,1,5,0
1477515881382,17179,1,5,0
1477515881383,17180,1,5,0
1477515881384,17177,1,5,0
1477515881385,17178,1,5,0
1477515881386,17179,1,5,0
1477515881387,17178,1,5,0
1477515881388,17181,1,5,0
1477515881389,17178,1,5,0
1477515881390,17176,1,5,0
1477515881391,17177,1,5,0
1477515881392,17175,1,5,0
1477515881393,17175,1,5,0
1477515881394,17176,1,5,0
1477515881395,17174,1,5,0
1477515881396,17186,1,5,0
1477515881397,17186,1,5,0
1477515881398,17187,1,5,0
1477515881399,17190,1,5,0
1477515881400,17186,1,5,0
1477515881401,17187,1,5,0
1477515881402,17190,1,5,0
1477515881403,17187,1,5,0
1477515881404,17187,1,5,0
1477515881405,17188,1,5,0
1477515881406,17185,1,5,0
1477515881407,17189,1,5,0
1477515881408,17188,1,5,0
1477515881409,17188,1,5,0
1477515881410,17189,1,5,0
1477515881411,17190,1,5,0
1477515881412,17188,1,5,0
1477515881413,17189,1,5,0
1477515881414,17186,1,5,0
1477515881415,17188,1,5,0
1477515881416,17189,1,5,0
1477515881417,17189,1,5,0
1477515881418,17188,1,5,0
1477515881419,17187,1,5,0
1477515881420,17188,1,5,0
1477515881421,17188,1,5,0
1477515881422,17185,1,5,0
1477515881423,17186,1,5,0
1477515881424,17187,1,5,0
1477515881425,17189,1,5,0
1477515881426,17189,1,5,0
1477515881427,17189,1,5,0
1477515881428,17188,1,5,0
1477515881429,17188,1,5,0
1477515881430,17189,1,5,0
1477515881431,17187,1,5,0
1477515881432,17188,1,5,0
1477515881433,17188,1,5,0
1477515881434,17189,1,5,0
1477515881435,17188,1,5,0
1477515881436,17187,1,5,0
1477515881437,17185,1,5,0
1477515881438,17184,1,5,0
1477515881439,17183,1,5,0
1477515881440,17186,1,5,0
1477515881441,17186,1,5,0
1477515881442,17186,1,5,0
1477515881443,17185,1,5,0
1477515881444,17183,1,5,0
1477515881445,17187,1,5,0
1477515881446,17184,1,5,0
1477515881447,17184,1,5,0
1477515881448,17188,1,5,0
1477515881449,17184,1,5,0
1477515881450,17183,1,5,0
1477515881451,17184,1,5,0
1477515881452,17182,1,5,0
1477515881453,17183,1,5,0
1477515881454,17183,1,5,0
1477515881455,17184,1,5,0
1477515881456,17182,1,5,0
1477515881457,17182,1,5,0
1477515881458,17182,1,5,0
1477515881459,17182,1,5,0
1477515881460,17182,1,5,0
1477515881461,17181,1,5,0
1477515881462,17178,1,5,0
1477515881463,17181,1,5,0
1477515881464,17178,1,5,0
1477515881465,17179,1,5,0
1477515881466,17177,1,5,0
1477515881467,17179,1,5,0
1477515881468,17177,1,5,0
1477515881469,17177,1,5,0
1477515881470,17177,1,5,0
1477515881471,17175,1,5,0
1477515881472,17176,1,5,0
1477515881473,17174,1,5,0
1477515881474,17175,1,5,0
1477515881475,17175,1,5,0
1477515881476,17175,1,5,0
1477515881477,17176,1,5,0
1477515881478,17174,1,5,0
1477515881479,17172,1,5,0
1477515881480,17170,1,5,0
1477515881481,17170,1,5,0
1477515881482,17172,1,5,0
1477515881483,17174,1,5,0
1477515881484,17174,1,5,0
1477515881485,17172,1,5,0
1477515881486,17171,1,5,0
1477515881487,17171,1,5,0
1477515881488,17171,1,5,0
1477515881489,17170,1,5,0
1477515881490,17171,1,5,0
1477515881491,17173,1,5,0
1477515881492,17173,1,5,0
1477515881493,17172,1,5,0
1477515881494,17171,1,5,0
1477515881495,17169,1,5,0
1477515881496,17164,1,5,0
1477515881497,17165,1,5,0
1477515881498,17165,1,5,0
1477515881499,17165,1,5,0
1477515881500,17164,1,5,0
1477515881501,17164,1,5,0
1477515881502,17165,1,5,0
1477515881503,17164,1,5,0
1477515881504,17164,1,5,0
1477515881505,17166,1,5,0
1477515881506,17165,1,5,0
1477515881507,17164,1,5,0
1477515881508,17163,1,5,0
1477515881509,17164,1,5,0
1477515881510,17165,1,5,0
1477515881511,17163,1,5,0
1477515881512,17164,1,5,0
1477515881513,17168,1,5,0
1477515881514,17165,1,5,0
1477515881515,17168,1,5,0
1477515881516,17168,1,5,0
1477515881517,17167,1,5,0
1477515881518,17168,1,5,0
1477515881519,17168,1,5,0
1477515881520,17169,1,5,0
1477515881521,17170,1,5,0
1477515881522,17169,1,5,0
1477515881523,17169,1,5,0
1477515881524,17169,1,5,0
1477515881525,17168,1,5,0
1477515881526,17168,1,5,0
1477515881527,17168,1,5,0
1477515881528,17167,1,5,0
1477515881529,17170,1,5,0
1477515881530,17169,1,5,0
1477515881531,17169,1,5,0
1477515881532,17169,1,5,0
1477515881533,17167,1,5,0
1477515881534,17167,1,5,0
1477515881535,17169,1,5,0
1477515881536,17166,1,5,0
1477515881537,17168,1,5,0
1477515881538,17168,1,5,0
1477515881539,17168,1,5,0
1477515881540,17168,1,5,0
1477515881541,17169,1,5,0
1477515881542,17168,1,5,0
1477515881543,17166,1,5,0
1477515881544,17169,1,5,0
1477515881545,17168,1,5,0
1477515881546,17171,1,5,0
1477515881547,17171,1,5,0
1477515881548,17171,1,5,0
1477515881549,17174,1,5,0
1477515881550,17173,1,5,0
1477515881551,17174,1,5,0
1477515881552,17172,1,5,0
1477515881553,17174,1,5,0
1477515881554,17175,1,5,0
1477515881555,17174,1,5,0
1477515881556,17175,1,5,0
1477515881557,17173,1,5,0
1477515881558,17175,1,5,0
1477515881559,17177,1,5,0
1477515881560,17172,1,5,0
1477515881561,17172,1,5,0
1477515881562,17173,1,5,0
1477515881563,17171,1,5,0
1477515881564,17175,1,5,0
1477515881565,17177,1,5,0
1477515881566,17176,1,5,0
1477515881567,17174,1,5,0
1477515881568,17176,1,5,0
1477515881569,17177,1,5,0
1477515881570,17178,1,5,0
1477515881571,17180,1,5,0
1477515881572,17177,1,5,0
1477515881573,17178,1,5,0
1477515881574,17181,1,5,0
1477515881575,17181,1,5,0
1477515881576,17179,1,5,0
1477515881577,17180,1,5,0
1477515881578,17181,1,5,0
1477515881579,17181,1,5,0
1477515881580,17183,1,5,0
1477515881581,17184,1,5,0
1477515881582,17186,1,5,0
1477515881583,17187,1,5,0
1477515881584,17184,1,5,0
1477515881585,17186,1,5,0
1477515881586,17186,1,5,0
1477515881587,17187,1,5,0
1477515881588,17186,1,5,0
1477515881589,17188,1,5,0
1477515881590,17187,1,5,0
1477515881591,17186,1,5,0
1477515881592,17187,1,5,0
1477515881593,17187,1,5,0
1477515881594,17187,1,5,0
1477515881595,17187,1,5,0
1477515881596,17222,1,5,0
1477515881597,17226,1,5,0
1477515881598,17225,1,5,0
1477515881599,17226,1,5,0
1477515881600,17226,1,5,0
1477515881601,17228,1,5,0
1477515881602,17229,1,5,0
1477515881603,17229,1,5,0
1477515881604,17229,1,5,0
1477515881605,17228,1,5,0
1477515881606,17230,1,5,0
1477515881607,17230,1,5,0
1477515881608,17231,1,5,0
1477515881609,17230,1,5,0
1477515881610,17230,1,5,0
1477515881611,17232,1,5,0
1477515881612,17231,1,5,0
1477515881613,17233,1,5,0
1477515881614,17231,1,5,0
1477515881615,17234,1,5,0
1477515881616,17231,1,5,0
1477515881617,17232,1,5,0
1477515881618,17232,1,5,0
1477515881619,17235,1,5,0
1477515881620,17234,1,5,0
1477515881621,17234,1,5,0
1477515881622,17232,1,5,0
1477515881623,17232,1,5,0
1477515881624,17232,1,5,0
1477515881625,17234,1,5,0
1477515881626,17237,1,5,0
1477515881627,17235,1,5,0
1477515881628,17235,1,5,0
1477515881629,17234,1,5,0
1477515881630,17232,1,5,0
1477515881631,17230,1,5,0
1477515881632,17231,1,5,0
1477515881633,17236,1,5,0
1477515881634,17235,1,5,0
1477515881635,17238,1,5,0
1477515881636,17237,1,5,0
1477515881637,17237,1,5,0
1477515881638,17234,1,5,0
1477515881639,17236,1,5,0
1477515881640,17237,1,5,0
1477515881641,17238,1,5,0
1477515881642,17237,1,5,0
1477515881643,17238,1,5,0
1477515881644,17239,1,5,0
1477515881645,17241,1,5,0
1477515881646,17241,1,5,0
1477515881647,17238,1,5,0
1477515881648,17240,1,5,0
1477515881649,17240,1,5,0
1477515881650,17240,1,5,0
1477515881651,17239,1,5,0
1477515881652,17240,1,5,0
1477515881653,17242,1,5,0
1477515881654,17241,1,5,0
1477515881655,17239,1,5,0
1477515881656,17238,1,5,0
1477515881657,17238,1,5,0
1477515881658,17238,1,5,0
1477515881659,17239,1,5,0
1477515881660,17241,1,5,0
1477515881661,17240,1,5,0
1477515881662,17244,1,5,0
1477515881663,17240,1,5,0
1477515881664,17242,1,5,0
1477515881665,17243,1,5,0
1477515881666,17241,1,5,0
1477515881667,17244,1,5,0
1477515881668,17243,1,5,0
1477515881669,17244,1,5,0
1477515881670,17245,1,5,0
1477515881671,17244,1,5,0
1477515881672,17246,1,5,0
1477515881673,17245,1,5,0
1477515881674,17244,1,5,0
1477515881675,17245,1,5,0
1477515881676,17246,1,5,0
1477515881677,17247,1,5,0
1477515881678,17247,1,5,0
1477515881679,17245,1,5,0
1477515881680,17242,1,5,0
1477515881681,17244,1,5,0
1477515881682,17247,1,5,0
1477515881683,17249,1,5,0
1477515881684,17249,1,5,0
1477515881685,17248,1,5,0
1477515881686,17249,1,5,0
1477515881687,17250,1,5,0
1477515881688,17250,1,5,0
1477515881689,17253,1,5,0
1477515881690,17251,1,5,0
1477515881691,17251,1,5,0
1477515881692,17255,1,5,0
1477515881693,17252,1,5,0
1477515881694,17252,1,5,0
1477515881695,17252,1,5,0
1477515881696,17258,1,5,0
1477515881697,17259,1,5,0
1477515881698,17265,1,5,0
1477515881699,17266,1,5,0
1477515881700,17265,1,5,0
1477515881701,17264,1,5,0
1477515881702,17265,1,5,0
1477515881703,17265,1,5,0
1477515881704,17264,1,5,0
1477515881705,17264,1,5,0
1477515881706,17264,1,5,0
1477515881707,17265,1,5,0
1477515881708,17267,1,5,0
1477515881709,17266,1,5,0
1477515881710,17266,1,5,0
1477515881711,17263,1,5,0
1477515881712,17263,1,5,0
1477515881713,17265,1,5,0
1477515881714,17264,1,5,0
1477515881715,17264,1,5,0
1477515881716,17265,1,5,0
1477515881717,17267,1,5,0
1477515881718,17264,1,5,0
1477515881719,17265,1,5,0
1477515881720,17264,1,5,0
1477515881721,17265,1,5,0
1477515881722,17266,1,5,0
1477515881723,17266,1,5,0
1477515881724,17267,1,5,0
1477515881725,17265,1,5,0
1477515881726,17267,1,5,0
1477515881727,17265,1,5,0
1477515881728,17264,1,5,0
1477515881729,17264,1,5,0
1477515881730,17265,1,5,0
1477515881731,17265,1,5,0
1477515881732,17266,1,5,0
1477515881733,17268,1,5,0
1477515881734,17264,1,5,0
1477515881735,17265,1,5,0
1477515881736,17265,1,5,0
1477515881737,17265,1,5,0
1477515881738,17264,1,5,0
1477515881739,17265,1,5,0
1477515881740,17267,1,5,0
1477515881741,17266,1,5,0
1477515881742,17266,1,5,0
1477515881743,17265,1,5,0
1477515881744,17264,1,5,0
1477515881745,17265,1,5,0
1477515881746,17264,1,5,0
1477515881747,17262,1,5,0
1477515881748,17264,1,5,0
1477515881749,17265,1,5,0
1477515881750,17266,1,5,0
1477515881751,17267,1,5,0
1477515881752,17268,1,5,0
1477515881753,17265,1,5,0
1477515881754,17266,1,5,0
1477515881755,17265,1,5,0
1477515881756,17266,1,5,0
1477515881757,17268,1,5,0
1477515881758,17266,1,5,0
1477515881759,17267,1,5,0
1477515881760,17265,1,5,0
1477515881761,17266,1,5,0
1477515881762,17266,1,5,0
1477515881763,17265,1,5,0
1477515881764,17268,1,5,0
1477515881765,17269,1,5,0
1477515881766,17268,1,5,0
1477515881767,17266,1,5,0
1477515881768,17265,1,5,0
1477515881769,17266,1,5,0
1477515881770,17266,1,5,0
1477515881771,17267,1,5,0
1477515881772,17267,1,5,0
1477515881773,17270,1,5,0
1477515881774,17269,1,5,0
1477515881775,17269,1,5,0
1477515881776,17269,1,5,0
1477515881777,17267,1,5,0
1477515881778,17272,1,5,0
1477515881779,17269,1,5,0
1477515881780,17271,1,5,0
1477515881781,17270,1,5,0
1477515881782,17271,1,5,0
1477515881783,17270,1,5,0
1477515881784,17269,1,5,0
1477515881785,17270,1,5,0
1477515881786,17270,1,5,0
1477515881787,17270,1,5,0
1477515881788,17273,1,5,0
1477515881789,17270,1,5,0
1477515881790,17269,1,5,0
1477515881791,17271,1,5,0
1477515881792,17271,1,5,0
1477515881793,17270,1,5,0
1477515881794,17270,1,5,0
1477515881795,17272,1,5,0
1477515881796,17272,1,5,0
1477515881797,17276,1,5,0
1477515881798,17278,1,5,0
1477515881799,17277,1,5,0
1477515881800,17277,1,5,0
1477515881801,17277,1,5,0
1477515881802,17277,1,5,0
1477515881803,17277,1,5,0
1477515881804,17279,1,5,0
1477515881805,17281,1,5,0
1477515881806,17280,1,5,0
1477515881807,17279,1,5,0
1477515881808,17279,1,5,0
1477515881809,17280,1,5,0
1477515881810,17280,1,5,0
1477515881811,17281,1,5,0
1477515881812,17281,1,5,0
1477515881813,17281,1,5,0
1477515881814,17278,1,5,0
1477515881815,17274,1,5,0
1477515881816,17276,1,5,0
1477515881817,17279,1,5,0
1477515881818,17280,1,5,0
1477515881819,17282,1,5,0
1477515881820,17281,1,5,0
1477515881821,17280,1,5,0
1477515881822,17282,1,5,0
1477515881823,17281,1,5,0
1477515881824,17282,1,5,0
1477515881825,17280,1,5,0
1477515881826,17282,1,5,0
1477515881827,17282,1,5,0
1477515881828,17282,1,5,0
1477515881829,17282,1,5,0
1477515881830,17284,1,5,0
1477515881831,17283,1,5,0
1477515881832,17283,1,5,0
1477515881833,17282,1,5,0
1477515881834,17282,1,5,0
1477515881835,17281,1,5,0
1477515881836,17280,1,5,0
1477515881837,17283,1,5,0
1477515881838,17281,1,5,0
1477515881839,17278,1,5,0
1477515881840,17280,1,5,0
1477515881841,17279,1,5,0
1477515881842,17280,1,5,0
1477515881843,17278,1,5,0
1477515881844,17280,1,5,0
1477515881845,17280,1,5,0
1477515881846,17281,1,5,0
1477515881847,17279,1,5,0
1477515881848,17280,1,5,0
1477515881849,17280,1,5,0
1477515881850,17279,1,5,0
1477515881851,17279,1,5,0
1477515881852,17280,1,5,0
1477515881853,17281,1,5,0
1477515881854,17280,1,5,0
1477515881855,17281,1,5,0
1477515881856,17279,1,5,0
1477515881857,17278,1,5,0
1477515881858,17279,1,5,0
1477515881859,17279,1,5,0
1477515881860,17279,1,5,0
1477515881861,17279,1,5,0
1477515881862,17280,1,5,0
1477515881863,17279,1,5,0
1477515881864,17276,1,5,0
1477515881865,17274,1,5,0
1477515881866,17274,1,5,0
1477515881867,17277,1,5,0
1477515881868,17278,1,5,0
1477515881869,17278,1,5,0
1477515881870,17280,1,5,0
1477515881871,17279,1,5,0
1477515881872,17280,1,5,0
1477515881873,17280,1,5,0
1477515881874,17277,1,5,0
1477515881875,17280,1,5,0
1477515881876,17278,1,5,0
1477515881877,17278,1,5,0
1477515881878,17278,1,5,0
1477515881879,17278,1,5,0
1477515881880,17280,1,5,0
1477515881881,17279,1,5,0
1477515881882,17278,1,5,0
1477515881883,17278,1,5,0
1477515881884,17278,1,5,0
1477515881885,17279,1,5,0
1477515881886,17279,1,5,0
1477515881887,17280,1,5,0
1477515881888,17277,1,5,0
1477515881889,17280,1,5,0
1477515881890,17277,1,5,0
1477515881891,17279,1,5,0
1477515881892,17279,1,5,0
1477515881893,17281,1,5,0
1477515881894,17279,1,5,0
1477515881895,17280,1,5,0
1477515881896,17283,1,5,0
1477515881897,17270,1,5,0
1477515881898,17273,1,5,0
1477515881899,17273,1,5,0
1477515881900,17274,1,5,0
1477515881901,17273,1,5,0
1477515881902,17274,1,5,0
1477515881903,17272,1,5,0
1477515881904,17275,1,5,0
1477515881905,17271,1,5,0
1477515881906,17273,1,5,0
1477515881907,17270,1,5,0
1477515881908,17273,1,5,0
1477515881909,17269,1,5,0
1477515881910,17272,1,5,0
1477515881911,17271,1,5,0
1477515881912,17271,1,5,0
1477515881913,17272,1,5,0
1477515881914,17272,1,5,0
1477515881915,17271,1,5,0
1477515881916,17271,1,5,0
1477515881917,17271,1,5,0
1477515881918,17272,1,5,0
1477515881919,17272,1,5,0
1477515881920,17274,1,5,0
1477515881921,17272,1,5,0
1477515881922,17270,1,5,0
1477515881923,17271,1,5,0
1477515881924,17273,1,5,0
1477515881925,17271,1,5,0
1477515881926,17272,1,5,0
1477515881927,17271,1,5,0
1477515881928,17273,1,5,0
1477515881929,17272,1,5,0
1477515881930,17271,1,5,0
1477515881931,17271,1,5,0
1477515881932,17269,1,5,0
1477515881933,17270,1,5,0
1477515881934,17274,1,5,0
1477515881935,17272,1,5,0
1477515881936,17274,1,5,0
1477515881937,17270,1,5,0
1477515881938,17272,1,5,0
1477515881939,17271,1,5,0
1477515881940,17273,1,5,0
1477515881941,17272,1,5,0
1477515881942,17275,1,5,0
1477515881943,17273,1,5,0
1477515881944,17273,1,5,0
1477515881945,17273,1,5,0
1477515881946,17273,1,5,0
1477515881947,17273,1,5,0
1477515881948,17273,1,5,0
1477515881949,17274,1,5,0
1477515881950,17277,1,5,0
1477515881951,17275,1,5,0
1477515881952,17278,1,5,0
1477515881953,17276,1,5,0
1477515881954,17272,1,5,0
1477515881955,17274,1,5,0
1477515881956,17273,1,5,0
1477515881957,17277,1,5,0
1477515881958,17276,1,5,0
1477515881959,17277,1,5,0
1477515881960,17275,1,5,0
1477515881961,17277,1,5,0
1477515881962,17276,1,5,0
1477515881963,17276,1,5,0
1477515881964,17275,1,5,0
1477515881965,17275,1,5,0
1477515881966,17278,1,5,0
1477515881967,17274,1,5,0
1477515881968,17275,1,5,0
1477515881969,17276,1,5,0
1477515881970,17273,1,5,0
1477515881971,17275,1,5,0
1477515881972,17276,1,5,0
1477515881973,17275,1,5,0
1477515881974,17276,1,5,0
1477515881975,17276,1,5,0
1477515881976,17275,1,5,0
1477515881977,17276,1,5,0
1477515881978,17275,1,5,0
1477515881979,17273,1,5,0
1477515881980,17273,1,5,0
1477515881981,17271,1,5,0
1477515881982,17274,1,5,0
1477515881983,17269,1,5,0
1477515881984,17268,1,5,0
1477515881985,17271,1,5,0
1477515881986,17272,1,5,0
1477515881987,17274,1,5,0
1477515881988,17273,1,5,0
1477515881989,17274,1,5,0
1477515881990,17274,1,5,0
1477515881991,17274,1,5,0
1477515881992,17275,1,5,0
1477515881993,17274,1,5,0
1477515881994,17276,1,5,0
1477515881995,17273,1,5,0
1477515881996,17280,1,5,0
1477515881997,17269,1,5,0
1477515881998,17271,1,5,0
1477515881999,17267,1,5,0
1477515882000,17263,1,5,0
1477515882001,17268,1,5,0
1477515882002,17270,1,5,0
1477515882003,17269,1,5,0
1477515882004,17269,1,5,0
1477515882005,17270,1,5,0
1477515882006,17269,1,5,0
1477515882007,17272,1,5,0
1477515882008,17270,1,5,0
1477515882009,17269,1,5,0
1477515882010,17269,1,5,0
1477515882011,17269,1,5,0
1477515882012,17270,1,5,0
1477515882013,17269,1,5,0
1477515882014,17270,1,5,0
1477515882015,17270,1,5,0
1477515882016,17269,1,5,0
1477515882017,17269,1,5,0
1477515882018,17269,1,5,0
1477515882019,17268,1,5,0
1477515882020,17270,1,5,0
1477515882021,17271,1,5,0
1477515882022,17267,1,5,0
1477515882023,17269,1,5,0
1477515882024,17270,1,5,0
1477515882025,17268,1,5,0
1477515882026,17266,1,5,0
1477515882027,17268,1,5,0
1477515882028,17266,1,5,0
1477515882029,17266,1,5,0
1477515882030,17270,1,5,0
1477515882031,17269,1,5,0
1477515882032,17269,1,5,0
1477515882033,17267,1,5,0
1477515882034,17267,1,5,0
1477515882035,17267,1,5,0
1477515882036,17266,1,5,0
1477515882037,17267,1,5,0
1477515882038,17266,1,5,0
1477515882039,17268,1,5,0
1477515882040,17265,1,5,0
1477515882041,17267,1,5,0
1477515882042,17264,1,5,0
1477515882043,17266,1,5,0
1477515882044,17266,1,5,0
1477515882045,17266,1,5,0
1477515882046,17266,1,5,0
1477515882047,17264,1,5,0
1477515882048,17266,1,5,0
1477515882049,17266,1,5,0
1477515882050,17260,1,5,0
1477515882051,17260,1,5,0
1477515882052,17265,1,5,0
1477515882053,17265,1,5,0
1477515882054,17265,1,5,0
1477515882055,17264,1,5,0
1477515882056,17267,1,5,0
1477515882057,17263,1,5,0
1477515882058,17265,1,5,0
1477515882059,17267,1,5,0
1477515882060,17265,1,5,0
1477515882061,17266,1,5,0
1477515882062,17265,1,5,0
1477515882063,17266,1,5,0
1477515882064,17264,1,5,0
1477515882065,17266,1,5,0
1477515882066,17264,1,5,0
1477515882067,17263,1,5,0
1477515882068,17265,1,5,0
1477515882069,17265,1,5,0
1477515882070,17265,1,5,0
1477515882071,17266,1,5,0
1477515882072,17267,1,5,0
1477515882073,17266,1,5,0
1477515882074,17266,1,5,0
1477515882075,17265,1,5,0
1477515882076,17268,1,5,0
1477515882077,17264,1,5,0
1477515882078,17265,1,5,0
1477515882079,17267,1,5,0
1477515882080,17266,1,5,0
1477515882081,17268,1,5,0
1477515882082,17267,1,5,0
1477515882083,17265,1,5,0
1477515882084,17265,1,5,0
1477515882085,17264,1,5,0
1477515882086,17266,1,5,0
1477515882087,17265,1,5,0
1477515882088,17266,1,5,0
1477515882089,17266,1,5,0
1477515882090,17266,1,5,0
1477515882091,17264,1,5,0
1477515882092,17265,1,5,0
1477515882093,17265,1,5,0
1477515882094,17263,1,5,0
1477515882095,17265,1,5,0
1477515882096,17280,1,5,0
1477515882097,17269,1,5,0
1477515882098,17271,1,5,0
1477515882099,17273,1,5,0
1477515882100,17272,1,5,0
1477515882101,17272,1,5,0
1477515882102,17270,1,5,0
1477515882103,17272,1,5,0
1477515882104,17274,1,5,0
1477515882105,17274,1,5,0
1477515882106,17272,1,5,0
1477515882107,17273,1,5,0
1477515882108,17274,1,5,0
1477515882109,17271,1,5,0
1477515882110,17273,1,5,0
1477515882111,17273,1,5,0
1477515882112,17274,1,5,0
1477515882113,17274,1,5,0
1477515882114,17272,1,5,0
1477515882115,17272,1,5,0
1477515882116,17274,1,5,0
1477515882117,17272,1,5,0
1477515882118,17271,1,5,0
1477515882119,17271,1,5,0
1477515882120,17277,1,5,0
1477515882121,17275,1,5,0
1477515882122,17275,1,5,0
1477515882123,17276,1,5,0
1477515882124,17275,1,5,0
1477515882125,17277,1,5,0
1477515882126,17277,1,5,0
1477515882127,17278,1,5,0
1477515882128,17276,1,5,0
1477515882129,17276,1,5,0
1477515882130,17275,1,5,0
1477515882131,17277,1,5,0
1477515882132,17278,1,5,0
1477515882133,17278,1,5,0
1477515882134,17277,1,5,0
1477515882135,17278,1,5,0
1477515882136,17280,1,5,0
1477515882137,17278,1,5,0
1477515882138,17278,1,5,0
1477515882139,17278,1,5,0
1477515882140,17279,1,5,0
1477515882141,17277,1,5,0
1477515882142,17276,1,5,0
1477515882143,17280,1,5,0
1477515882144,17281,1,5,0
1477515882145,17279,1,5,0
1477515882146,17279,1,5,0
1477515882147,17276,1,5,0
1477515882148,17278,1,5,0
1477515882149,17278,1,5,0
1477515882150,17279,1,5,0
1477515882151,17280,1,5,0
1477515882152,17281,1,5,0
1477515882153,17281,1,5,0
1477515882154,17280,1,5,0
1477515882155,17279,1,5,0
1477515882156,17279,1,5,0
1477515882157,17278,1,5,0
1477515882158,17278,1,5,0
1477515882159,17278,1,5,0
1477515882160,17280,1,5,0
1477515882161,17279,1,5,0
1477515882162,17280,1,5,0
1477515882163,17279,1,5,0
1477515882164,17278,1,5,0
1477515882165,17275,1,5,0
1477515882166,17277,1,5,0
1477515882167,17277,1,5,0
1477515882168,17278,1,5,0
1477515882169,17276,1,5,0
1477515882170,17278,1,5,0
1477515882171,17275,1,5,0
1477515882172,17275,1,5,0
1477515882173,17277,1,5,0
1477515882174,17277,1,5,0
1477515882175,17277,1,5,0
1477515882176,17279,1,5,0
1477515882177,17279,1,5,0
1477515882178,17279,1,5,0
1477515882179,17278,1,5,0
1477515882180,17278,1,5,0
1477515882181,17278,1,5,0
1477515882182,17277,1,5,0
1477515882183,17278,1,5,0
1477515882184,17278,1,5,0
1477515882185,17279,1,5,0
1477515882186,17277,1,5,0
1477515882187,17278,1,5,0
1477515882188,17277,1,5,0
1477515882189,17278,1,5,0
1477515882190,17278,1,5,0
1477515882191,17278,1,5,0
1477515882192,17280,1,5,0
1477515882193,17277,1,5,0
1477515882194,17280,1,5,0
1477515882195,17278,1,5,0
1477515882196,17287,1,5,0
1477515882197,17278,1,5,0
1477515882198,17279,1,5,0
1477515882199,17282,1,5,0
1477515882200,17282,1,5,0
1477515882201,17280,1,5,0
1477515882202,17281,1,5,0
1477515882203,17279,1,5,0
1477515882204,17279,1,5,0
1477515882205,17279,1,5,0
1477515882206,17278,1,5,0
1477515882207,17278,1,5,0
1477515882208,17278,1,5,0
1477515882209,17279,1,5,0
1477515882210,17279,1,5,0
1477515882211,17281,1,5,0
1477515882212,17280,1,5,0
1477515882213,17279,1,5,0
1477515882214,17280,1,5,0
1477515882215,17280,1,5,0
1477515882216,17279,1,5,0
1477515882217,17279,1,5,0
1477515882218,17279,1,5,0
1477515882219,17278,1,5,0
1477515882220,17279,1,5,0
1477515882221,17279,1,5,0
1477515882222,17278,1,5,0
1477515882223,17277,1,5,0
1477515882224,17276,1,5,0
1477515882225,17279,1,5,0
1477515882226,17279,1,5,0
1477515882227,17279,1,5,0
1477515882228,17278,1,5,0
1477515882229,17277,1,5,0
1477515882230,17279,1,5,0
1477515882231,17280,1,5,0
1477515882232,17278,1,5,0
1477515882233,17280,1,5,0
1477515882234,17279,1,5,0
1477515882235,17272,1,5,0
1477515882236,17274,1,5,0
1477515882237,17278,1,5,0
1477515882238,17278,1,5,0
1477515882239,17277,1,5,0
1477515882240,17278,1,5,0
1477515882241,17277,1,5,0
1477515882242,17279,1,5,0
1477515882243,17277,1,5,0
1477515882244,17278,1,5,0
1477515882245,17277,1,5,0
1477515882246,17279,1,5,0
1477515882247,17275,1,5,0
1477515882248,17277,1,5,0
1477515882249,17276,1,5,0
1477515882250,17279,1,5,0
1477515882251,17277,1,5,0
1477515882252,17275,1,5,0
1477515882253,17275,1,5,0
1477515882254,17275,1,5,0
1477515882255,17273,1,5,0
1477515882256,17275,1,5,0
1477515882257,17277,1,5,0
1477515882258,17275,1,5,0
1477515882259,17276,1,5,0
1477515882260,17276,1,5,0
1477515882261,17276,1,5,0
1477515882262,17274,1,5,0
1477515882263,17276,1,5,0
1477515882264,17275,1,5,0
1477515882265,17276,1,5,0
1477515882266,17277,1,5,0
1477515882267,17277,1,5,0
1477515882268,17278,1,5,0
1477515882269,17276,1,5,0
1477515882270,17277,1,5,0
1477515882271,17275,1,5,0
1477515882272,17275,1,5,0
1477515882273,17279,1,5,0
1477515882274,17278,1,5,0
1477515882275,17276,1,5,0
1477515882276,17278,1,5,0
1477515882277,17278,1,5,0
1477515882278,17278,1,5,0
1477515882279,17278,1,5,0
1477515882280,17275,1,5,0
1477515882281,17277,1,5,0
1477515882282,17278,1,5,0
1477515882283,17278,1,5,0
1477515882284,17277,1,5,0
1477515882285,17276,1,5,0
1477515882286,17271,1,5,0
1477515882287,17271,1,5,0
1477515882288,17275,1,5,0
1477515882289,17276,1,5,0
1477515882290,17275,1,5,0
1477515882291,17276,1,5,0
1477515882292,17273,1,5,0
1477515882293,17275,1,5,0
1477515882294,17273,1,5,0
1477515882295,17271,1,5,0
1477515882296,17285,1,5,0
1477515882297,17266,1,5,0
1477515882298,17269,1,5,0
1477515882299,17269,1,5,0
1477515882300,17267,1,5,0
1477515882301,17267,1,5,0
1477515882302,17265,1,5,0
1477515882303,17265,1,5,0
1477515882304,17265,1,5,0
1477515882305,17268,1,5,0
1477515882306,17269,1,5,0
1477515882307,17267,1,5,0
1477515882308,17268,1,5,0
1477515882309,17265,1,5,0
1477515882310,17268,1,5,0
1477515882311,17268,1,5,0
1477515882312,17268,1,5,0
1477515882313,17267,1,5,0
1477515882314,17268,1,5,0
1477515882315,17268,1,5,0
1477515882316,17269,1,5,0
1477515882317,17267,1,5,0
1477515882318,17268,1,5,0
1477515882319,17266,1,5,0
1477515882320,17267,1,5,0
1477515882321,17266,1,5,0
1477515882322,17267,1,5,0
1477515882323,17265,1,5,0
1477515882324,17266,1,5,0
1477515882325,17265,1,5,0
1477515882326,17265,1,5,0
1477515882327,17265,1,5,0
1477515882328,17264,1,5,0
1477515882329,17263,1,5,0
1477515882330,17265,1,5,0
1477515882331,17264,1,5,0
1477515882332,17264,1,5,0
1477515882333,17266,1,5,0
1477515882334,17265,1,5,0
1477515882335,17266,1,5,0
1477515882336,17266,1,5,0
1477515882337,17265,1,5,0
1477515882338,17263,1,5,0
1477515882339,17263,1,5,0
1477515882340,17263,1,5,0
1477515882341,17261,1,5,0
1477515882342,17263,1,5,0
1477515882343,17261,1,5,0
1477515882344,17262,1,5,0
1477515882345,17264,1,5,0
1477515882346,17261,1,5,0
1477515882347,17262,1,5,0
1477515882348,17261,1,5,0
1477515882349,17261,1,5,0
1477515882350,17261,1,5,0
1477515882351,17260,1,5,0
1477515882352,17260,1,5,0
1477515882353,17258,1,5,0
1477515882354,17257,1,5,0
1477515882355,17260,1,5,0
1477515882356,17258,1,5,0
1477515882357,17260,1,5,0
1477515882358,17257,1,5,0
1477515882359,17260,1,5,0
1477515882360,17262,1,5,0
1477515882361,17260,1,5,0
1477515882362,17261,1,5,0
1477515882363,17261,1,5,0
1477515882364,17260,1,5,0
1477515882365,17259,1,5,0
1477515882366,17259,1,5,0
1477515882367,17260,1,5,0
1477515882368,17259,1,5,0
1477515882369,17258,1,5,0
1477515882370,17259,1,5,0
1477515882371,17262,1,5,0
1477515882372,17262,1,5,0
1477515882373,17259,1,5,0
1477515882374,17260,1,5,0
1477515882375,17258,1,5,0
1477515882376,17259,1,5,0
1477515882377,17260,1,5,0
1477515882378,17260,1,5,0
1477515882379,17259,1,5,0
1477515882380,17258,1,5,0
1477515882381,17258,1,5,0
1477515882382,17260,1,5,0
1477515882383,17258,1,5,0
1477515882384,17259,1,5,0
1477515882385,17259,1,5,0
1477515882386,17259,1,5,0
1477515882387,17259,1,5,0
1477515882388,17259,1,5,0
1477515882389,17260,1,5,0
1477515882390,17259,1,5,0
1477515882391,17257,1,5,0
1477515882392,17258,1,5,0
1477515882393,17258,1,5,0
1477515882394,17258,1,5,0
1477515882395,17259,1,5,0
1477515882396,17263,1,5,0
1477515882397,17250,1,5,0
1477515882398,17249,1,5,0
1477515882399,17247,1,5,0
1477515882400,17248,1,5,0
1477515882401,17248,1,5,0
1477515882402,17248,1,5,0
1477515882403,17249,1,5,0
1477515882404,17248,1,5,0
1477515882405,17247,1,5,0
1477515882406,17249,1,5,0
1477515882407,17250,1,5,0
1477515882408,17251,1,5,0
1477515882409,17251,1,5,0
1477515882410,17249,1,5,0
1477515882411,17249,1,5,0
1477515882412,17247,1,5,0
1477515882413,17248,1,5,0
1477515882414,17248,1,5,0
1477515882415,17249,1,5,0
1477515882416,17248,1,5,0
1477515882417,17247,1,5,0
1477515882418,17249,1,5,0
1477515882419,17251,1,5,0
1477515882420,17248,1,5,0
1477515882421,17243,1,5,0
1477515882422,17243,1,5,0
1477515882423,17248,1,5,0
1477515882424,17247,1,5,0
1477515882425,17249,1,5,0
1477515882426,17246,1,5,0
1477515882427,17246,1,5,0
1477515882428,17246,1,5,0
1477515882429,17246,1,5,0
1477515882430,17243,1,5,0
1477515882431,17244,1,5,0
1477515882432,17245,1,5,0
1477515882433,17245,1,5,0
1477515882434,17245,1,5,0
1477515882435,17245,1,5,0
1477515882436,17243,1,5,0
1477515882437,17244,1,5,0
1477515882438,17245,1,5,0
1477515882439,17242,1,5,0
1477515882440,17242,1,5,0
1477515882441,17244,1,5,0
1477515882442,17243,1,5,0
1477515882443,17243,1,5,0
1477515882444,17243,1,5,0
1477515882445,17240,1,5,0
1477515882446,17241,1,5,0
1477515882447,17243,1,5,0
1477515882448,17243,1,5,0
1477515882449,17241,1,5,0
1477515882450,17244,1,5,0
1477515882451,17242,1,5,0
1477515882452,17241,1,5,0
1477515882453,17241,1,5,0
1477515882454,17240,1,5,0
1477515882455,17243,1,5,0
1477515882456,17239,1,5,0
1477515882457,17243,1,5,0
1477515882458,17240,1,5,0
1477515882459,17240,1,5,0
1477515882460,17241,1,5,0
1477515882461,17239,1,5,0
1477515882462,17238,1,5,0
1477515882463,17239,1,5,0
1477515882464,17240,1,5,0
1477515882465,17239,1,5,0
1477515882466,17238,1,5,0
1477515882467,17238,1,5,0
1477515882468,17238,1,5,0
1477515882469,17236,1,5,0
1477515882470,17237,1,5,0
1477515882471,17233,1,5,0
1477515882472,17232,1,5,0
1477515882473,17234,1,5,0
1477515882474,17235,1,5,0
1477515882475,17238,1,5,0
1477515882476,17237,1,5,0
1477515882477,17234,1,5,0
1477515882478,17238,1,5,0
1477515882479,17236,1,5,0
1477515882480,17236,1,5,0
1477515882481,17233,1,5,0
1477515882482,17235,1,5,0
1477515882483,17235,1,5,0
1477515882484,17236,1,5,0
1477515882485,17234,1,5,0
1477515882486,17235,1,5,0
1477515882487,17235,1,5,0
1477515882488,17235,1,5,0
1477515882489,17236,1,5,0
1477515882490,17237,1,5,0
1477515882491,17236,1,5,0
1477515882492,17237,1,5,0
1477515882493,17237,1,5,0
1477515882494,17236,1,5,0
1477515882495,17235,1,5,0
1477515882496,17249,1,5,0
1477515882497,17233,1,5,0
1477515882498,17232,1,5,0
1477515882499,17233,1,5,0
1477515882500,17232,1,5,0
1477515882501,17231,1,5,0
1477515882502,17229,1,5,0
1477515882503,17231,1,5,0
1477515882504,17231,1,5,0
1477515882505,17229,1,5,0
1477515882506,17230,1,5,0
1477515882507,17232,1,5,0
1477515882508,17230,1,5,0
1477515882509,17231,1,5,0
1477515882510,17231,1,5,0
1477515882511,17230,1,5,0
1477515882512,17231,1,5,0
1477515882513,17231,1,5,0
1477515882514,17232,1,5,0
1477515882515,17232,1,5,0
1477515882516,17232,1,5,0
1477515882517,17232,1,5,0
1477515882518,17231,1,5,0
1477515882519,17230,1,5,0
1477515882520,17232,1,5,0
1477515882521,17230,1,5,0
1477515882522,17230,1,5,0
1477515882523,17232,1,5,0
1477515882524,17230,1,5,0
1477515882525,17229,1,5,0
1477515882526,17231,1,5,0
1477515882527,17229,1,5,0
1477515882528,17233,1,5,0
1477515882529,17234,1,5,0
1477515882530,17232,1,5,0
1477515882531,17233,1,5,0
1477515882532,17231,1,5,0
1477515882533,17230,1,5,0
1477515882534,17231,1,5,0
1477515882535,17232,1,5,0
1477515882536,17232,1,5,0
1477515882537,17231,1,5,0
1477515882538,17232,1,5,0
1477515882539,17229,1,5,0
1477515882540,17229,1,5,0
1477515882541,17233,1,5,0
1477515882542,17237,1,5,0
1477515882543,17233,1,5,0
1477515882544,17233,1,5,0
1477515882545,17232,1,5,0
1477515882546,17234,1,5,0
1477515882547,17234,1,5,0
1477515882548,17233,1,5,0
1477515882549,17233,1,5,0
1477515882550,17235,1,5,0
1477515882551,17236,1,5,0
1477515882552,17233,1,5,0
1477515882553,17232,1,5,0
1477515882554,17236,1,5,0
1477515882555,17236,1,5,0
1477515882556,17236,1,5,0
1477515882557,17236,1,5,0
1477515882558,17236,1,5,0
1477515882559,17236,1,5,0
1477515882560,17235,1,5,0
1477515882561,17236,1,5,0
1477515882562,17238,1,5,0
1477515882563,17235,1,5,0
1477515882564,17236,1,5,0
1477515882565,17238,1,5,0
1477515882566,17237,1,5,0
1477515882567,17235,1,5,0
1477515882568,17235,1,5,0
1477515882569,17237,1,5,0
1477515882570,17235,1,5,0
1477515882571,17238,1,5,0
1477515882572,17239,1,5,0
1477515882573,17237,1,5,0
1477515882574,17239,1,5,0
1477515882575,17237,1,5,0
1477515882576,17239,1,5,0
1477515882577,17235,1,5,0
1477515882578,17238,1,5,0
1477515882579,17239,1,5,0
1477515882580,17241,1,5,0
1477515882581,17241,1,5,0
1477515882582,17240,1,5,0
1477515882583,17242,1,5,0
1477515882584,17243,1,5,0
1477515882585,17242,1,5,0
1477515882586,17243,1,5,0
1477515882587,17243,1,5,0
1477515882588,17243,1,5,0
1477515882589,17239,1,5,0
1477515882590,17239,1,5,0
1477515882591,17241,1,5,0
1477515882592,17241,1,5,0
1477515882593,17241,1,5,0
1477515882594,17244,1,5,0
1477515882595,17243,1,5,0
1477515882596,17265,1,5,0
1477515882597,17249,1,5,0
1477515882598,17250,1,5,0
1477515882599,17247,1,5,0
1477515882600,17247,1,5,0
1477515882601,17250,1,5,0
1477515882602,17249,1,5,0
1477515882603,17250,1,5,0
1477515882604,17251,1,5,0
1477515882605,17251,1,5,0
1477515882606,17245,1,5,0
1477515882607,17245,1,5,0
1477515882608,17252,1,5,0
1477515882609,17249,1,5,0
1477515882610,17252,1,5,0
1477515882611,17250,1,5,0
1477515882612,17248,1,5,0
1477515882613,17248,1,5,0
1477515882614,17250,1,5,0
1477515882615,17249,1,5,0
1477515882616,17249,1,5,0
1477515882617,17249,1,5,0
1477515882618,17252,1,5,0
1477515882619,17252,1,5,0
1477515882620,17252,1,5,0
1477515882621,17251,1,5,0
1477515882622,17250,1,5,0
1477515882623,17249,1,5,0
1477515882624,17251,1,5,0
1477515882625,17251,1,5,0
1477515882626,17251,1,5,0
1477515882627,17252,1,5,0
1477515882628,17250,1,5,0
1477515882629,17250,1,5,0
1477515882630,17249,1,5,0
1477515882631,17251,1,5,0
1477515882632,17251,1,5,0
1477515882633,17249,1,5,0
1477515882634,17250,1,5,0
1477515882635,17251,1,5,0
1477515882636,17252,1,5,0
1477515882637,17250,1,5,0
1477515882638,17249,1,5,0
1477515882639,17251,1,5,0
1477515882640,17250,1,5,0
1477515882641,17251,1,5,0
1477515882642,17252,1,5,0
1477515882643,17252,1,5,0
1477515882644,17253,1,5,0
1477515882645,17253,1,5,0
1477515882646,17252,1,5,0
1477515882647,17252,1,5,0
1477515882648,17251,1,5,0
1477515882649,17253,1,5,0
1477515882650,17253,1,5,0
1477515882651,17255,1,5,0
1477515882652,17252,1,5,0
1477515882653,17254,1,5,0
1477515882654,17256,1,5,0
1477515882655,17254,1,5,0
1477515882656,17250,1,5,0
1477515882657,17250,1,5,0
1477515882658,17252,1,5,0
1477515882659,17256,1,5,0
1477515882660,17255,1,5,0
1477515882661,17256,1,5,0
1477515882662,17257,1,5,0
1477515882663,17256,1,5,0
1477515882664,17253,1,5,0
1477515882665,17255,1,5,0
1477515882666,17254,1,5,0
1477515882667,17254,1,5,0
1477515882668,17254,1,5,0
1477515882669,17253,1,5,0
1477515882670,17252,1,5,0
1477515882671,17253,1,5,0
1477515882672,17255,1,5,0
1477515882673,17252,1,5,0
1477515882674,17252,1,5,0
1477515882675,17255,1,5,0
1477515882676,17254,1,5,0
1477515882677,17256,1,5,0
1477515882678,17253,1,5,0
1477515882679,17253,1,5,0
1477515882680,17252,1,5,0
1477515882681,17253,1,5,0
1477515882682,17253,1,5,0
1477515882683,17254,1,5,0
1477515882684,17253,1,5,0
1477515882685,17254,1,5,0
1477515882686,17255,1,5,0
1477515882687,17255,1,5,0
1477515882688,17255,1,5,0
1477515882689,17255,1,5,0
1477515882690,17255,1,5,0
1477515882691,17255,1,5,0
1477515882692,17256,1,5,0
1477515882693,17257,1,5,0
1477515882694,17258,1,5,0
1477515882695,17256,1,5,0
1477515882696,17280,1,5,0
1477515882697,17264,1,5,0
1477515882698,17263,1,5,0
1477515882699,17262,1,5,0
1477515882700,17263,1,5,10
1477515882701,17263,1,5,0
1477515882702,17262,1,5,0
1477515882703,17262,1,5,0
1477515882704,17260,1,5,0
1477515882705,17264,1,5,0
1477515882706,17263,1,5,0
1477515882707,17262,1,5,0
1477515882708,17262,1,5,0
1477515882709,17261,1,5,0
1477515882710,17261,1,5,0
1477515882711,17262,1,5,0
1477515882712,17261,1,5,0
1477515882713,17261,1,5,0
1477515882714,17264,1,5,0
1477515882715,17263,1,5,0
1477515882716,17262,1,5,0
1477515882717,17264,1,5,0
1477515882718,17264,1,5,0
1477515882719,17264,1,5,0
1477515882720,17262,1,5,0
1477515882721,17264,1,5,0
1477515882722,17264,1,5,0
1477515882723,17264,1,5,0
1477515882724,17262,1,5,0
1477515882725,17261,1,5,0
1477515882726,17262,1,5,0
1477515882727,17264,1,5,0
1477515882728,17264,1,5,0
1477515882729,17267,1,5,0
1477515882730,17266,1,5,0
1477515882731,17268,1,5,0
1477515882732,17265,1,5,0
1477515882733,17266,1,5,0
1477515882734,17268,1,5,0
1477515882735,17268,1,5,0
1477515882736,17267,1,5,0
1477515882737,17267,1,5,0
1477515882738,17266,1,5,0
1477515882739,17265,1,5,0
1477515882740,17266,1,5,0
1477515882741,17266,1,5,0
1477515882742,17268,1,5,0
1477515882743,17266,1,5,0
1477515882744,17266,1,5,0
1477515882745,17266,1,5,0
1477515882746,17266,1,5,0
1477515882747,17269,1,5,0
1477515882748,17267,1,5,0
1477515882749,17267,1,5,0
1477515882750,17266,1,5,0
1477515882751,17267,1,5,0
1477515882752,17266,1,5,0
1477515882753,17265,1,5,0
1477515882754,17266,1,5,0
1477515882755,17266,1,5,0
1477515882756,17268,1,5,0
1477515882757,17267,1,5,0
1477515882758,17268,1,5,0
1477515882759,17266,1,5,0
1477515882760,17268,1,5,0
1477515882761,17266,1,5,0
1477515882762,17265,1,5,0
1477515882763,17267,1,5,0
1477515882764,17267,1,5,0
1477515882765,17268,1,5,0
1477515882766,17266,1,5,0
1477515882767,17266,1,5,0
1477515882768,17267,1,5,0
1477515882769,17269,1,5,0
1477515882770,17266,1,5,0
1477515882771,17263,1,5,0
1477515882772,17264,1,5,0
1477515882773,17265,1,5,0
1477515882774,17268,1,5,0
1477515882775,17262,1,5,0
1477515882776,17264,1,5,0
1477515882777,17262,1,5,0
1477515882778,17265,1,5,0
1477515882779,17270,1,5,0
1477515882780,17266,1,5,0
1477515882781,17268,1,5,0
1477515882782,17267,1,5,0
1477515882783,17268,1,5,0
1477515882784,17267,1,5,0
1477515882785,17269,1,5,0
1477515882786,17268,1,5,0
1477515882787,17267,1,5,0
1477515882788,17270,1,5,0
1477515882789,17269,1,5,0
1477515882790,17266,1,5,0
1477515882791,17268,1,5,0
1477515882792,17267,1,5,0
1477515882793,17266,1,5,0
1477515882794,17266,1,5,0
1477515882795,17264,1,5,0
